2026-08-30 01:11:13,model.adm,300,258.2808,15.2312,1
2026-08-30 01:12:43,model.adm,300,254.1683,14.2941,1
2026-08-30 01:20:07,model.adm,250,258.9872,14.2555,1
2026-08-30 01:20:36,model.adm,100,252.6672,54.8690,1
2026-08-30 01:21:45,model.adm,300,255.1018,11.2192,1
2026-08-30 01:38:03,model_v2.adm,200,36.5712,4.9322,1
2026-08-30 01:48:35,NUL_check.adm,50,14.3528,17.4073,0
2026-08-30 02:00:26,model_hf.adm,800,18.2857,13.7182,1
2026-08-30 08:21:19,model.adm,60,20.8867,17.5937,1,509248,2037028,96
2026-08-30 08:31:55,model.adm,600,14.7188,13.3895,1,509248,2037028,96
2026-08-30 09:48:18,model.adm,1500,15.3822,13.7187,1,509248,2037028,96
2026-08-30 09:55:44,model.adm,1500,13.2249,13.2298,0,509248,2037028,96
2026-08-30 10:03:10,model.adm,1500,14.1160,13.2035,1,509248,2037028,96
2026-08-30 10:55:55,model.adm,1500,14.1498,14.7127,0,509248,2037028,96
2026-08-30 11:02:21,model.adm,1500,13.8801,15.2330,0,509248,2037028,96
2026-08-30 11:08:47,model.adm,1500,15.1494,13.2743,1,509248,2037028,96
2026-08-30 13:03:47,model.adm,1500,16.0977,14.0138,1,509248,2037028,96
2026-08-30 13:09:17,model.adm,1500,14.0998,13.9682,1,509248,2037028,96
2026-08-30 13:14:47,model.adm,1500,13.5236,13.8618,0,509248,2037028,96
2026-08-30 13:49:38,model.adm,1500,13.7389,14.0185,0,509248,2037028,96
2026-08-30 13:57:03,model.adm,1500,13.8764,15.0270,0,509248,2037028,96
2026-08-30 14:04:28,model.adm,1500,14.4618,13.7716,1,509248,2037028,96
2026-08-30 17:40:43,model.adm,1500,14.2491,14.3313,0,509248,2037028,96
2026-08-30 17:47:10,model.adm,1500,14.6058,13.7180,1,509248,2037028,96
2026-08-30 17:53:37,model.adm,1500,13.0808,14.2979,0,509248,2037028,96
2026-08-30 22:02:54,model.adm,1500,14.2570,14.2798,0,509248,2037028,96
2026-08-30 22:09:21,model.adm,1500,13.9664,14.0543,0,509248,2037028,96
2026-08-30 22:15:47,model.adm,1500,13.6268,14.2836,0,509248,2037028,96
2026-08-31 07:12:09,model.adm,1500,15.1037,14.2174,1,509248,2037028,96
2026-08-31 07:18:36,model.adm,1500,13.3316,13.6909,0,509248,2037028,96
2026-08-31 07:25:02,model.adm,1500,13.8051,13.6049,1,509248,2037028,96
2026-08-31 08:04:19,model.adm,1500,16.0176,13.5612,1,509248,2037028,96
2026-08-31 08:10:56,model.adm,1500,13.0808,13.0917,0,509248,2037028,96
2026-08-31 08:17:30,model.adm,1500,13.6610,13.1993,1,509248,2037028,96
2026-09-01 22:24:50,/tmp/test_gpu.adm,2,0.0000,0.0000,1,509248,2037028,96
2026-09-01 22:24:59,/dev/null,10,0.0000,0.0000,1,509248,2037028,96
2026-09-01 22:24:59,/dev/null,10,0.0000,0.0000,1,509248,2037028,96
2026-09-01 22:25:14,model_trained.adm,1000,0.0000,0.0000,1,509248,2037028,96
2026-09-01 22:25:47,model.adm,3000,0.0000,0.0000,1,509248,2037028,96
2026-09-01 22:36:04,model.adm,3000,0.0000,0.0000,1,509248,2037028,96
